metric_name,timestamp,metric_value,check,error,error_code,expected_response,group,method,name,proto,scenario,service,status,subproto,tls_version,url,extra_tags,metadata
vus,1727377449,10.000000,,,,,,,,,,,,,,,,
vus_max,1727377449,10.000000,,,,,,,,,,,,,,,,
vus,1727377450,10.000000,,,,,,,,,,,,,,,,
vus_max,1727377450,10.000000,,,,,,,,,,,,,,,,
vus,1727377451,10.000000,,,,,,,,,,,,,,,,
vus_max,1727377451,10.000000,,,,,,,,,,,,,,,,
http_reqs,1727377451,1.000000,,,,true,,POST,http://localhost:8080/api/upload,HTTP/1.1,default,,200,,,http://localhost:8080/api/upload,,
http_req_duration,1727377451,2795.085282,,,,true,,POST,http://localhost:8080/api/upload,HTTP/1.1,default,,200,,,http://localhost:8080/api/upload,,
http_req_blocked,1727377451,0.507160,,,,true,,POST,http://localhost:8080/api/upload,HTTP/1.1,default,,200,,,http://localhost:8080/api/upload,,
http_req_connecting,1727377451,0.315710,,,,true,,POST,http://localhost:8080/api/upload,HTTP/1.1,default,,200,,,http://localhost:8080/api/upload,,
http_req_tls_handshaking,1727377451,0.000000,,,,true,,POST,http://localhost:8080/api/upload,HTTP/1.1,default,,200,,,http://localhost:8080/api/upload,,
http_req_sending,1727377451,376.290268,,,,true,,POST,http://localhost:8080/api/upload,HTTP/1.1,default,,200,,,http://localhost:8080/api/upload,,
http_req_waiting,1727377451,2418.682564,,,,true,,POST,http://localhost:8080/api/upload,HTTP/1.1,default,,200,,,http://localhost:8080/api/upload,,
http_req_receiving,1727377451,0.112450,,,,true,,POST,http://localhost:8080/api/upload,HTTP/1.1,default,,200,,,http://localhost:8080/api/upload,,
http_req_failed,1727377451,0.000000,,,,true,,POST,http://localhost:8080/api/upload,HTTP/1.1,default,,200,,,http://localhost:8080/api/upload,,
http_reqs,1727377451,1.000000,,,,true,,POST,http://localhost:8080/api/upload,HTTP/1.1,default,,200,,,http://localhost:8080/api/upload,,
http_req_duration,1727377451,3001.155405,,,,true,,POST,http://localhost:8080/api/upload,HTTP/1.1,default,,200,,,http://localhost:8080/api/upload,,
http_req_blocked,1727377451,1.857960,,,,true,,POST,http://localhost:8080/api/upload,HTTP/1.1,default,,200,,,http://localhost:8080/api/upload,,
http_req_connecting,1727377451,0.504350,,,,true,,POST,http://localhost:8080/api/upload,HTTP/1.1,default,,200,,,http://localhost:8080/api/upload,,
http_req_tls_handshaking,1727377451,0.000000,,,,true,,POST,http://localhost:8080/api/upload,HTTP/1.1,default,,200,,,http://localhost:8080/api/upload,,
http_req_sending,1727377451,422.544995,,,,true,,POST,http://localhost:8080/api/upload,HTTP/1.1,default,,200,,,http://localhost:8080/api/upload,,
http_req_waiting,1727377451,2578.465260,,,,true,,POST,http://localhost:8080/api/upload,HTTP/1.1,default,,200,,,http://localhost:8080/api/upload,,
http_req_receiving,1727377451,0.145150,,,,true,,POST,http://localhost:8080/api/upload,HTTP/1.1,default,,200,,,http://localhost:8080/api/upload,,
http_req_failed,1727377451,0.000000,,,,true,,POST,http://localhost:8080/api/upload,HTTP/1.1,default,,200,,,http://localhost:8080/api/upload,,
data_sent,1727377451,84874191.000000,,,,,,,,,default,,,,,,,
data_received,1727377451,121.000000,,,,,,,,,default,,,,,,,
iteration_duration,1727377451,3476.083527,,,,,,,,,default,,,,,,,
iterations,1727377451,1.000000,,,,,,,,,default,,,,,,,
http_reqs,1727377452,1.000000,,,,true,,POST,http://localhost:8080/api/upload,HTTP/1.1,default,,200,,,http://localhost:8080/api/upload,,
http_req_duration,1727377452,3477.426018,,,,true,,POST,http://localhost:8080/api/upload,HTTP/1.1,default,,200,,,http://localhost:8080/api/upload,,
http_req_blocked,1727377452,0.171700,,,,true,,POST,http://localhost:8080/api/upload,HTTP/1.1,default,,200,,,http://localhost:8080/api/upload,,
http_req_connecting,1727377452,0.099250,,,,true,,POST,http://localhost:8080/api/upload,HTTP/1.1,default,,200,,,http://localhost:8080/api/upload,,
http_req_tls_handshaking,1727377452,0.000000,,,,true,,POST,http://localhost:8080/api/upload,HTTP/1.1,default,,200,,,http://localhost:8080/api/upload,,
http_req_sending,1727377452,511.855218,,,,true,,POST,http://localhost:8080/api/upload,HTTP/1.1,default,,200,,,http://localhost:8080/api/upload,,
http_req_waiting,1727377452,2965.512360,,,,true,,POST,http://localhost:8080/api/upload,HTTP/1.1,default,,200,,,http://localhost:8080/api/upload,,
http_req_receiving,1727377452,0.058440,,,,true,,POST,http://localhost:8080/api/upload,HTTP/1.1,default,,200,,,http://localhost:8080/api/upload,,
http_req_failed,1727377452,0.000000,,,,true,,POST,http://localhost:8080/api/upload,HTTP/1.1,default,,200,,,http://localhost:8080/api/upload,,
data_sent,1727377452,84874191.000000,,,,,,,,,default,,,,,,,
data_received,1727377452,121.000000,,,,,,,,,default,,,,,,,
iteration_duration,1727377452,3671.966221,,,,,,,,,default,,,,,,,
iterations,1727377452,1.000000,,,,,,,,,default,,,,,,,
http_reqs,1727377452,1.000000,,,,true,,POST,http://localhost:8080/api/upload,HTTP/1.1,default,,200,,,http://localhost:8080/api/upload,,
http_req_duration,1727377452,3491.995867,,,,true,,POST,http://localhost:8080/api/upload,HTTP/1.1,default,,200,,,http://localhost:8080/api/upload,,
http_req_blocked,1727377452,0.098810,,,,true,,POST,http://localhost:8080/api/upload,HTTP/1.1,default,,200,,,http://localhost:8080/api/upload,,
http_req_connecting,1727377452,0.070590,,,,true,,POST,http://localhost:8080/api/upload,HTTP/1.1,default,,200,,,http://localhost:8080/api/upload,,
http_req_tls_handshaking,1727377452,0.000000,,,,true,,POST,http://localhost:8080/api/upload,HTTP/1.1,default,,200,,,http://localhost:8080/api/upload,,
http_req_sending,1727377452,570.744243,,,,true,,POST,http://localhost:8080/api/upload,HTTP/1.1,default,,200,,,http://localhost:8080/api/upload,,
http_req_waiting,1727377452,2921.144954,,,,true,,POST,http://localhost:8080/api/upload,HTTP/1.1,default,,200,,,http://localhost:8080/api/upload,,
http_req_receiving,1727377452,0.106670,,,,true,,POST,http://localhost:8080/api/upload,HTTP/1.1,default,,200,,,http://localhost:8080/api/upload,,
http_req_failed,1727377452,0.000000,,,,true,,POST,http://localhost:8080/api/upload,HTTP/1.1,default,,200,,,http://localhost:8080/api/upload,,
http_reqs,1727377452,1.000000,,,,true,,POST,http://localhost:8080/api/upload,HTTP/1.1,default,,200,,,http://localhost:8080/api/upload,,
http_req_duration,1727377452,3597.080978,,,,true,,POST,http://localhost:8080/api/upload,HTTP/1.1,default,,200,,,http://localhost:8080/api/upload,,
http_req_blocked,1727377452,0.126150,,,,true,,POST,http://localhost:8080/api/upload,HTTP/1.1,default,,200,,,http://localhost:8080/api/upload,,
http_req_connecting,1727377452,0.063770,,,,true,,POST,http://localhost:8080/api/upload,HTTP/1.1,default,,200,,,http://localhost:8080/api/upload,,
http_req_tls_handshaking,1727377452,0.000000,,,,true,,POST,http://localhost:8080/api/upload,HTTP/1.1,default,,200,,,http://localhost:8080/api/upload,,
http_req_sending,1727377452,546.844464,,,,true,,POST,http://localhost:8080/api/upload,HTTP/1.1,default,,200,,,http://localhost:8080/api/upload,,
http_req_waiting,1727377452,3050.181724,,,,true,,POST,http://localhost:8080/api/upload,HTTP/1.1,default,,200,,,http://localhost:8080/api/upload,,
http_req_receiving,1727377452,0.054790,,,,true,,POST,http://localhost:8080/api/upload,HTTP/1.1,default,,200,,,http://localhost:8080/api/upload,,
http_req_failed,1727377452,0.000000,,,,true,,POST,http://localhost:8080/api/upload,HTTP/1.1,default,,200,,,http://localhost:8080/api/upload,,
http_reqs,1727377452,1.000000,,,,true,,POST,http://localhost:8080/api/upload,HTTP/1.1,default,,200,,,http://localhost:8080/api/upload,,
http_req_duration,1727377452,3641.615515,,,,true,,POST,http://localhost:8080/api/upload,HTTP/1.1,default,,200,,,http://localhost:8080/api/upload,,
http_req_blocked,1727377452,0.356690,,,,true,,POST,http://localhost:8080/api/upload,HTTP/1.1,default,,200,,,http://localhost:8080/api/upload,,
http_req_connecting,1727377452,0.214880,,,,true,,POST,http://localhost:8080/api/upload,HTTP/1.1,default,,200,,,http://localhost:8080/api/upload,,
http_req_tls_handshaking,1727377452,0.000000,,,,true,,POST,http://localhost:8080/api/upload,HTTP/1.1,default,,200,,,http://localhost:8080/api/upload,,
http_req_sending,1727377452,610.836289,,,,true,,POST,http://localhost:8080/api/upload,HTTP/1.1,default,,200,,,http://localhost:8080/api/upload,,
http_req_waiting,1727377452,3030.729166,,,,true,,POST,http://localhost:8080/api/upload,HTTP/1.1,default,,200,,,http://localhost:8080/api/upload,,
http_req_receiving,1727377452,0.050060,,,,true,,POST,http://localhost:8080/api/upload,HTTP/1.1,default,,200,,,http://localhost:8080/api/upload,,
http_req_failed,1727377452,0.000000,,,,true,,POST,http://localhost:8080/api/upload,HTTP/1.1,default,,200,,,http://localhost:8080/api/upload,,
http_reqs,1727377452,1.000000,,,,true,,POST,http://localhost:8080/api/upload,HTTP/1.1,default,,200,,,http://localhost:8080/api/upload,,
http_req_duration,1727377452,3692.847071,,,,true,,POST,http://localhost:8080/api/upload,HTTP/1.1,default,,200,,,http://localhost:8080/api/upload,,
http_req_blocked,1727377452,0.659109,,,,true,,POST,http://localhost:8080/api/upload,HTTP/1.1,default,,200,,,http://localhost:8080/api/upload,,
http_req_connecting,1727377452,0.352979,,,,true,,POST,http://localhost:8080/api/upload,HTTP/1.1,default,,200,,,http://localhost:8080/api/upload,,
http_req_tls_handshaking,1727377452,0.000000,,,,true,,POST,http://localhost:8080/api/upload,HTTP/1.1,default,,200,,,http://localhost:8080/api/upload,,
http_req_sending,1727377452,708.280722,,,,true,,POST,http://localhost:8080/api/upload,HTTP/1.1,default,,200,,,http://localhost:8080/api/upload,,
http_req_waiting,1727377452,2984.519809,,,,true,,POST,http://localhost:8080/api/upload,HTTP/1.1,default,,200,,,http://localhost:8080/api/upload,,
http_req_receiving,1727377452,0.046540,,,,true,,POST,http://localhost:8080/api/upload,HTTP/1.1,default,,200,,,http://localhost:8080/api/upload,,
http_req_failed,1727377452,0.000000,,,,true,,POST,http://localhost:8080/api/upload,HTTP/1.1,default,,200,,,http://localhost:8080/api/upload,,
http_reqs,1727377452,1.000000,,,,true,,POST,http://localhost:8080/api/upload,HTTP/1.1,default,,200,,,http://localhost:8080/api/upload,,
http_req_duration,1727377452,3698.565360,,,,true,,POST,http://localhost:8080/api/upload,HTTP/1.1,default,,200,,,http://localhost:8080/api/upload,,
http_req_blocked,1727377452,0.412810,,,,true,,POST,http://localhost:8080/api/upload,HTTP/1.1,default,,200,,,http://localhost:8080/api/upload,,
http_req_connecting,1727377452,0.275480,,,,true,,POST,http://localhost:8080/api/upload,HTTP/1.1,default,,200,,,http://localhost:8080/api/upload,,
http_req_tls_handshaking,1727377452,0.000000,,,,true,,POST,http://localhost:8080/api/upload,HTTP/1.1,default,,200,,,http://localhost:8080/api/upload,,
http_req_sending,1727377452,789.337365,,,,true,,POST,http://localhost:8080/api/upload,HTTP/1.1,default,,200,,,http://localhost:8080/api/upload,,
http_req_waiting,1727377452,2909.178685,,,,true,,POST,http://localhost:8080/api/upload,HTTP/1.1,default,,200,,,http://localhost:8080/api/upload,,
http_req_receiving,1727377452,0.049310,,,,true,,POST,http://localhost:8080/api/upload,HTTP/1.1,default,,200,,,http://localhost:8080/api/upload,,
http_req_failed,1727377452,0.000000,,,,true,,POST,http://localhost:8080/api/upload,HTTP/1.1,default,,200,,,http://localhost:8080/api/upload,,
http_reqs,1727377452,1.000000,,,,true,,POST,http://localhost:8080/api/upload,HTTP/1.1,default,,200,,,http://localhost:8080/api/upload,,
http_req_duration,1727377452,3703.495820,,,,true,,POST,http://localhost:8080/api/upload,HTTP/1.1,default,,200,,,http://localhost:8080/api/upload,,
http_req_blocked,1727377452,0.071620,,,,true,,POST,http://localhost:8080/api/upload,HTTP/1.1,default,,200,,,http://localhost:8080/api/upload,,
http_req_connecting,1727377452,0.048540,,,,true,,POST,http://localhost:8080/api/upload,HTTP/1.1,default,,200,,,http://localhost:8080/api/upload,,
http_req_tls_handshaking,1727377452,0.000000,,,,true,,POST,http://localhost:8080/api/upload,HTTP/1.1,default,,200,,,http://localhost:8080/api/upload,,
http_req_sending,1727377452,894.247976,,,,true,,POST,http://localhost:8080/api/upload,HTTP/1.1,default,,200,,,http://localhost:8080/api/upload,,
http_req_waiting,1727377452,2809.203494,,,,true,,POST,http://localhost:8080/api/upload,HTTP/1.1,default,,200,,,http://localhost:8080/api/upload,,
http_req_receiving,1727377452,0.044350,,,,true,,POST,http://localhost:8080/api/upload,HTTP/1.1,default,,200,,,http://localhost:8080/api/upload,,
http_req_failed,1727377452,0.000000,,,,true,,POST,http://localhost:8080/api/upload,HTTP/1.1,default,,200,,,http://localhost:8080/api/upload,,
vus,1727377452,10.000000,,,,,,,,,,,,,,,,
vus_max,1727377452,10.000000,,,,,,,,,,,,,,,,
http_reqs,1727377452,1.000000,,,,true,,POST,http://localhost:8080/api/upload,HTTP/1.1,default,,200,,,http://localhost:8080/api/upload,,
http_req_duration,1727377452,3730.895658,,,,true,,POST,http://localhost:8080/api/upload,HTTP/1.1,default,,200,,,http://localhost:8080/api/upload,,
http_req_blocked,1727377452,0.564500,,,,true,,POST,http://localhost:8080/api/upload,HTTP/1.1,default,,200,,,http://localhost:8080/api/upload,,
http_req_connecting,1727377452,0.296050,,,,true,,POST,http://localhost:8080/api/upload,HTTP/1.1,default,,200,,,http://localhost:8080/api/upload,,
http_req_tls_handshaking,1727377452,0.000000,,,,true,,POST,http://localhost:8080/api/upload,HTTP/1.1,default,,200,,,http://localhost:8080/api/upload,,
http_req_sending,1727377452,765.271467,,,,true,,POST,http://localhost:8080/api/upload,HTTP/1.1,default,,200,,,http://localhost:8080/api/upload,,
http_req_waiting,1727377452,2965.587221,,,,true,,POST,http://localhost:8080/api/upload,HTTP/1.1,default,,200,,,http://localhost:8080/api/upload,,
http_req_receiving,1727377452,0.036970,,,,true,,POST,http://localhost:8080/api/upload,HTTP/1.1,default,,200,,,http://localhost:8080/api/upload,,
http_req_failed,1727377452,0.000000,,,,true,,POST,http://localhost:8080/api/upload,HTTP/1.1,default,,200,,,http://localhost:8080/api/upload,,
data_sent,1727377452,84874191.000000,,,,,,,,,default,,,,,,,
data_received,1727377452,121.000000,,,,,,,,,default,,,,,,,
iteration_duration,1727377452,4170.356242,,,,,,,,,default,,,,,,,
iterations,1727377452,1.000000,,,,,,,,,default,,,,,,,
data_sent,1727377452,84874191.000000,,,,,,,,,default,,,,,,,
data_received,1727377452,121.000000,,,,,,,,,default,,,,,,,
iteration_duration,1727377452,4187.527411,,,,,,,,,default,,,,,,,
iterations,1727377452,1.000000,,,,,,,,,default,,,,,,,
data_sent,1727377452,84874191.000000,,,,,,,,,default,,,,,,,
data_received,1727377452,121.000000,,,,,,,,,default,,,,,,,
iteration_duration,1727377452,4292.080133,,,,,,,,,default,,,,,,,
iterations,1727377452,1.000000,,,,,,,,,default,,,,,,,
data_sent,1727377452,84874191.000000,,,,,,,,,default,,,,,,,
data_received,1727377452,121.000000,,,,,,,,,default,,,,,,,
iteration_duration,1727377452,4330.610420,,,,,,,,,default,,,,,,,
iterations,1727377452,1.000000,,,,,,,,,default,,,,,,,
data_sent,1727377452,84874193.000000,,,,,,,,,default,,,,,,,
data_received,1727377452,121.000000,,,,,,,,,default,,,,,,,
iteration_duration,1727377452,4368.925177,,,,,,,,,default,,,,,,,
iterations,1727377452,1.000000,,,,,,,,,default,,,,,,,
data_sent,1727377452,84874191.000000,,,,,,,,,default,,,,,,,
data_received,1727377452,121.000000,,,,,,,,,default,,,,,,,
iteration_duration,1727377452,4381.887676,,,,,,,,,default,,,,,,,
iterations,1727377452,1.000000,,,,,,,,,default,,,,,,,
data_sent,1727377452,84874191.000000,,,,,,,,,default,,,,,,,
data_received,1727377452,121.000000,,,,,,,,,default,,,,,,,
iteration_duration,1727377452,4399.028165,,,,,,,,,default,,,,,,,
iterations,1727377452,1.000000,,,,,,,,,default,,,,,,,
data_sent,1727377452,84874191.000000,,,,,,,,,default,,,,,,,
data_received,1727377452,121.000000,,,,,,,,,default,,,,,,,
iteration_duration,1727377452,4411.437383,,,,,,,,,default,,,,,,,
iterations,1727377452,1.000000,,,,,,,,,default,,,,,,,
http_reqs,1727377453,1.000000,,,,true,,POST,http://localhost:8080/api/upload,HTTP/1.1,default,,200,,,http://localhost:8080/api/upload,,
http_req_duration,1727377453,1287.635129,,,,true,,POST,http://localhost:8080/api/upload,HTTP/1.1,default,,200,,,http://localhost:8080/api/upload,,
http_req_blocked,1727377453,0.005450,,,,true,,POST,http://localhost:8080/api/upload,HTTP/1.1,default,,200,,,http://localhost:8080/api/upload,,
http_req_connecting,1727377453,0.000000,,,,true,,POST,http://localhost:8080/api/upload,HTTP/1.1,default,,200,,,http://localhost:8080/api/upload,,
http_req_tls_handshaking,1727377453,0.000000,,,,true,,POST,http://localhost:8080/api/upload,HTTP/1.1,default,,200,,,http://localhost:8080/api/upload,,
http_req_sending,1727377453,70.323944,,,,true,,POST,http://localhost:8080/api/upload,HTTP/1.1,default,,200,,,http://localhost:8080/api/upload,,
http_req_waiting,1727377453,1217.256745,,,,true,,POST,http://localhost:8080/api/upload,HTTP/1.1,default,,200,,,http://localhost:8080/api/upload,,
http_req_receiving,1727377453,0.054440,,,,true,,POST,http://localhost:8080/api/upload,HTTP/1.1,default,,200,,,http://localhost:8080/api/upload,,
http_req_failed,1727377453,0.000000,,,,true,,POST,http://localhost:8080/api/upload,HTTP/1.1,default,,200,,,http://localhost:8080/api/upload,,
http_reqs,1727377453,1.000000,,,,true,,POST,http://localhost:8080/api/upload,HTTP/1.1,default,,200,,,http://localhost:8080/api/upload,,
http_req_duration,1727377453,1192.402626,,,,true,,POST,http://localhost:8080/api/upload,HTTP/1.1,default,,200,,,http://localhost:8080/api/upload,,
http_req_blocked,1727377453,0.006550,,,,true,,POST,http://localhost:8080/api/upload,HTTP/1.1,default,,200,,,http://localhost:8080/api/upload,,
http_req_connecting,1727377453,0.000000,,,,true,,POST,http://localhost:8080/api/upload,HTTP/1.1,default,,200,,,http://localhost:8080/api/upload,,
http_req_tls_handshaking,1727377453,0.000000,,,,true,,POST,http://localhost:8080/api/upload,HTTP/1.1,default,,200,,,http://localhost:8080/api/upload,,
http_req_sending,1727377453,58.179375,,,,true,,POST,http://localhost:8080/api/upload,HTTP/1.1,default,,200,,,http://localhost:8080/api/upload,,
http_req_waiting,1727377453,1134.119491,,,,true,,POST,http://localhost:8080/api/upload,HTTP/1.1,default,,200,,,http://localhost:8080/api/upload,,
http_req_receiving,1727377453,0.103760,,,,true,,POST,http://localhost:8080/api/upload,HTTP/1.1,default,,200,,,http://localhost:8080/api/upload,,
http_req_failed,1727377453,0.000000,,,,true,,POST,http://localhost:8080/api/upload,HTTP/1.1,default,,200,,,http://localhost:8080/api/upload,,
vus,1727377453,10.000000,,,,,,,,,,,,,,,,
vus_max,1727377453,10.000000,,,,,,,,,,,,,,,,
data_sent,1727377453,84874191.000000,,,,,,,,,default,,,,,,,
data_received,1727377453,121.000000,,,,,,,,,default,,,,,,,
iteration_duration,1727377453,1817.292978,,,,,,,,,default,,,,,,,
iterations,1727377453,1.000000,,,,,,,,,default,,,,,,,
data_sent,1727377453,84874191.000000,,,,,,,,,default,,,,,,,
data_received,1727377453,121.000000,,,,,,,,,default,,,,,,,
iteration_duration,1727377453,1721.089516,,,,,,,,,default,,,,,,,
iterations,1727377453,1.000000,,,,,,,,,default,,,,,,,
vus,1727377454,10.000000,,,,,,,,,,,,,,,,
vus_max,1727377454,10.000000,,,,,,,,,,,,,,,,
http_reqs,1727377455,1.000000,,,,true,,POST,http://localhost:8080/api/upload,HTTP/1.1,default,,200,,,http://localhost:8080/api/upload,,
http_req_duration,1727377455,2676.138113,,,,true,,POST,http://localhost:8080/api/upload,HTTP/1.1,default,,200,,,http://localhost:8080/api/upload,,
http_req_blocked,1727377455,0.009100,,,,true,,POST,http://localhost:8080/api/upload,HTTP/1.1,default,,200,,,http://localhost:8080/api/upload,,
http_req_connecting,1727377455,0.000000,,,,true,,POST,http://localhost:8080/api/upload,HTTP/1.1,default,,200,,,http://localhost:8080/api/upload,,
http_req_tls_handshaking,1727377455,0.000000,,,,true,,POST,http://localhost:8080/api/upload,HTTP/1.1,default,,200,,,http://localhost:8080/api/upload,,
http_req_sending,1727377455,154.793797,,,,true,,POST,http://localhost:8080/api/upload,HTTP/1.1,default,,200,,,http://localhost:8080/api/upload,,
http_req_waiting,1727377455,2521.284106,,,,true,,POST,http://localhost:8080/api/upload,HTTP/1.1,default,,200,,,http://localhost:8080/api/upload,,
http_req_receiving,1727377455,0.060210,,,,true,,POST,http://localhost:8080/api/upload,HTTP/1.1,default,,200,,,http://localhost:8080/api/upload,,
http_req_failed,1727377455,0.000000,,,,true,,POST,http://localhost:8080/api/upload,HTTP/1.1,default,,200,,,http://localhost:8080/api/upload,,
vus,1727377455,10.000000,,,,,,,,,,,,,,,,
vus_max,1727377455,10.000000,,,,,,,,,,,,,,,,
http_reqs,1727377455,1.000000,,,,true,,POST,http://localhost:8080/api/upload,HTTP/1.1,default,,200,,,http://localhost:8080/api/upload,,
http_req_duration,1727377455,2733.333729,,,,true,,POST,http://localhost:8080/api/upload,HTTP/1.1,default,,200,,,http://localhost:8080/api/upload,,
http_req_blocked,1727377455,0.006260,,,,true,,POST,http://localhost:8080/api/upload,HTTP/1.1,default,,200,,,http://localhost:8080/api/upload,,
http_req_connecting,1727377455,0.000000,,,,true,,POST,http://localhost:8080/api/upload,HTTP/1.1,default,,200,,,http://localhost:8080/api/upload,,
http_req_tls_handshaking,1727377455,0.000000,,,,true,,POST,http://localhost:8080/api/upload,HTTP/1.1,default,,200,,,http://localhost:8080/api/upload,,
http_req_sending,1727377455,226.185852,,,,true,,POST,http://localhost:8080/api/upload,HTTP/1.1,default,,200,,,http://localhost:8080/api/upload,,
http_req_waiting,1727377455,2507.079507,,,,true,,POST,http://localhost:8080/api/upload,HTTP/1.1,default,,200,,,http://localhost:8080/api/upload,,
http_req_receiving,1727377455,0.068370,,,,true,,POST,http://localhost:8080/api/upload,HTTP/1.1,default,,200,,,http://localhost:8080/api/upload,,
http_req_failed,1727377455,0.000000,,,,true,,POST,http://localhost:8080/api/upload,HTTP/1.1,default,,200,,,http://localhost:8080/api/upload,,
data_sent,1727377455,84874191.000000,,,,,,,,,default,,,,,,,
data_received,1727377455,121.000000,,,,,,,,,default,,,,,,,
iteration_duration,1727377455,3225.204893,,,,,,,,,default,,,,,,,
iterations,1727377455,1.000000,,,,,,,,,default,,,,,,,
http_reqs,1727377455,1.000000,,,,true,,POST,http://localhost:8080/api/upload,HTTP/1.1,default,,200,,,http://localhost:8080/api/upload,,
http_req_duration,1727377455,3131.343540,,,,true,,POST,http://localhost:8080/api/upload,HTTP/1.1,default,,200,,,http://localhost:8080/api/upload,,
http_req_blocked,1727377455,0.005310,,,,true,,POST,http://localhost:8080/api/upload,HTTP/1.1,default,,200,,,http://localhost:8080/api/upload,,
http_req_connecting,1727377455,0.000000,,,,true,,POST,http://localhost:8080/api/upload,HTTP/1.1,default,,200,,,http://localhost:8080/api/upload,,
http_req_tls_handshaking,1727377455,0.000000,,,,true,,POST,http://localhost:8080/api/upload,HTTP/1.1,default,,200,,,http://localhost:8080/api/upload,,
http_req_sending,1727377455,382.499070,,,,true,,POST,http://localhost:8080/api/upload,HTTP/1.1,default,,200,,,http://localhost:8080/api/upload,,
http_req_waiting,1727377455,2748.801530,,,,true,,POST,http://localhost:8080/api/upload,HTTP/1.1,default,,200,,,http://localhost:8080/api/upload,,
http_req_receiving,1727377455,0.042940,,,,true,,POST,http://localhost:8080/api/upload,HTTP/1.1,default,,200,,,http://localhost:8080/api/upload,,
http_req_failed,1727377455,0.000000,,,,true,,POST,http://localhost:8080/api/upload,HTTP/1.1,default,,200,,,http://localhost:8080/api/upload,,
data_sent,1727377455,84874191.000000,,,,,,,,,default,,,,,,,
data_received,1727377455,121.000000,,,,,,,,,default,,,,,,,
iteration_duration,1727377455,3276.680958,,,,,,,,,default,,,,,,,
iterations,1727377455,1.000000,,,,,,,,,default,,,,,,,
http_reqs,1727377456,1.000000,,,,true,,POST,http://localhost:8080/api/upload,HTTP/1.1,default,,200,,,http://localhost:8080/api/upload,,
http_req_duration,1727377456,3315.401776,,,,true,,POST,http://localhost:8080/api/upload,HTTP/1.1,default,,200,,,http://localhost:8080/api/upload,,
http_req_blocked,1727377456,0.007210,,,,true,,POST,http://localhost:8080/api/upload,HTTP/1.1,default,,200,,,http://localhost:8080/api/upload,,
http_req_connecting,1727377456,0.000000,,,,true,,POST,http://localhost:8080/api/upload,HTTP/1.1,default,,200,,,http://localhost:8080/api/upload,,
http_req_tls_handshaking,1727377456,0.000000,,,,true,,POST,http://localhost:8080/api/upload,HTTP/1.1,default,,200,,,http://localhost:8080/api/upload,,
http_req_sending,1727377456,473.357473,,,,true,,POST,http://localhost:8080/api/upload,HTTP/1.1,default,,200,,,http://localhost:8080/api/upload,,
http_req_waiting,1727377456,2841.981443,,,,true,,POST,http://localhost:8080/api/upload,HTTP/1.1,default,,200,,,http://localhost:8080/api/upload,,
http_req_receiving,1727377456,0.062860,,,,true,,POST,http://localhost:8080/api/upload,HTTP/1.1,default,,200,,,http://localhost:8080/api/upload,,
http_req_failed,1727377456,0.000000,,,,true,,POST,http://localhost:8080/api/upload,HTTP/1.1,default,,200,,,http://localhost:8080/api/upload,,
vus,1727377456,10.000000,,,,,,,,,,,,,,,,
vus_max,1727377456,10.000000,,,,,,,,,,,,,,,,
data_sent,1727377456,84874191.000000,,,,,,,,,default,,,,,,,
data_received,1727377456,121.000000,,,,,,,,,default,,,,,,,
iteration_duration,1727377456,3665.194919,,,,,,,,,default,,,,,,,
iterations,1727377456,1.000000,,,,,,,,,default,,,,,,,
http_reqs,1727377456,1.000000,,,,true,,POST,http://localhost:8080/api/upload,HTTP/1.1,default,,200,,,http://localhost:8080/api/upload,,
http_req_duration,1727377456,3627.807433,,,,true,,POST,http://localhost:8080/api/upload,HTTP/1.1,default,,200,,,http://localhost:8080/api/upload,,
http_req_blocked,1727377456,0.009070,,,,true,,POST,http://localhost:8080/api/upload,HTTP/1.1,default,,200,,,http://localhost:8080/api/upload,,
http_req_connecting,1727377456,0.000000,,,,true,,POST,http://localhost:8080/api/upload,HTTP/1.1,default,,200,,,http://localhost:8080/api/upload,,
http_req_tls_handshaking,1727377456,0.000000,,,,true,,POST,http://localhost:8080/api/upload,HTTP/1.1,default,,200,,,http://localhost:8080/api/upload,,
http_req_sending,1727377456,543.239818,,,,true,,POST,http://localhost:8080/api/upload,HTTP/1.1,default,,200,,,http://localhost:8080/api/upload,,
http_req_waiting,1727377456,3084.528115,,,,true,,POST,http://localhost:8080/api/upload,HTTP/1.1,default,,200,,,http://localhost:8080/api/upload,,
http_req_receiving,1727377456,0.039500,,,,true,,POST,http://localhost:8080/api/upload,HTTP/1.1,default,,200,,,http://localhost:8080/api/upload,,
http_req_failed,1727377456,0.000000,,,,true,,POST,http://localhost:8080/api/upload,HTTP/1.1,default,,200,,,http://localhost:8080/api/upload,,
http_reqs,1727377456,1.000000,,,,true,,POST,http://localhost:8080/api/upload,HTTP/1.1,default,,200,,,http://localhost:8080/api/upload,,
http_req_duration,1727377456,3631.007893,,,,true,,POST,http://localhost:8080/api/upload,HTTP/1.1,default,,200,,,http://localhost:8080/api/upload,,
http_req_blocked,1727377456,0.004650,,,,true,,POST,http://localhost:8080/api/upload,HTTP/1.1,default,,200,,,http://localhost:8080/api/upload,,
http_req_connecting,1727377456,0.000000,,,,true,,POST,http://localhost:8080/api/upload,HTTP/1.1,default,,200,,,http://localhost:8080/api/upload,,
http_req_tls_handshaking,1727377456,0.000000,,,,true,,POST,http://localhost:8080/api/upload,HTTP/1.1,default,,200,,,http://localhost:8080/api/upload,,
http_req_sending,1727377456,578.629425,,,,true,,POST,http://localhost:8080/api/upload,HTTP/1.1,default,,200,,,http://localhost:8080/api/upload,,
http_req_waiting,1727377456,3052.341448,,,,true,,POST,http://localhost:8080/api/upload,HTTP/1.1,default,,200,,,http://localhost:8080/api/upload,,
http_req_receiving,1727377456,0.037020,,,,true,,POST,http://localhost:8080/api/upload,HTTP/1.1,default,,200,,,http://localhost:8080/api/upload,,
http_req_failed,1727377456,0.000000,,,,true,,POST,http://localhost:8080/api/upload,HTTP/1.1,default,,200,,,http://localhost:8080/api/upload,,
http_reqs,1727377456,1.000000,,,,true,,POST,http://localhost:8080/api/upload,HTTP/1.1,default,,200,,,http://localhost:8080/api/upload,,
http_req_duration,1727377456,3687.360358,,,,true,,POST,http://localhost:8080/api/upload,HTTP/1.1,default,,200,,,http://localhost:8080/api/upload,,
http_req_blocked,1727377456,0.012830,,,,true,,POST,http://localhost:8080/api/upload,HTTP/1.1,default,,200,,,http://localhost:8080/api/upload,,
http_req_connecting,1727377456,0.000000,,,,true,,POST,http://localhost:8080/api/upload,HTTP/1.1,default,,200,,,http://localhost:8080/api/upload,,
http_req_tls_handshaking,1727377456,0.000000,,,,true,,POST,http://localhost:8080/api/upload,HTTP/1.1,default,,200,,,http://localhost:8080/api/upload,,
http_req_sending,1727377456,641.316380,,,,true,,POST,http://localhost:8080/api/upload,HTTP/1.1,default,,200,,,http://localhost:8080/api/upload,,
http_req_waiting,1727377456,3045.993318,,,,true,,POST,http://localhost:8080/api/upload,HTTP/1.1,default,,200,,,http://localhost:8080/api/upload,,
http_req_receiving,1727377456,0.050660,,,,true,,POST,http://localhost:8080/api/upload,HTTP/1.1,default,,200,,,http://localhost:8080/api/upload,,
http_req_failed,1727377456,0.000000,,,,true,,POST,http://localhost:8080/api/upload,HTTP/1.1,default,,200,,,http://localhost:8080/api/upload,,
http_reqs,1727377456,1.000000,,,,true,,POST,http://localhost:8080/api/upload,HTTP/1.1,default,,200,,,http://localhost:8080/api/upload,,
http_req_duration,1727377456,3765.912863,,,,true,,POST,http://localhost:8080/api/upload,HTTP/1.1,default,,200,,,http://localhost:8080/api/upload,,
http_req_blocked,1727377456,0.007140,,,,true,,POST,http://localhost:8080/api/upload,HTTP/1.1,default,,200,,,http://localhost:8080/api/upload,,
http_req_connecting,1727377456,0.000000,,,,true,,POST,http://localhost:8080/api/upload,HTTP/1.1,default,,200,,,http://localhost:8080/api/upload,,
http_req_tls_handshaking,1727377456,0.000000,,,,true,,POST,http://localhost:8080/api/upload,HTTP/1.1,default,,200,,,http://localhost:8080/api/upload,,
http_req_sending,1727377456,627.435921,,,,true,,POST,http://localhost:8080/api/upload,HTTP/1.1,default,,200,,,http://localhost:8080/api/upload,,
http_req_waiting,1727377456,3138.433372,,,,true,,POST,http://localhost:8080/api/upload,HTTP/1.1,default,,200,,,http://localhost:8080/api/upload,,
http_req_receiving,1727377456,0.043570,,,,true,,POST,http://localhost:8080/api/upload,HTTP/1.1,default,,200,,,http://localhost:8080/api/upload,,
http_req_failed,1727377456,0.000000,,,,true,,POST,http://localhost:8080/api/upload,HTTP/1.1,default,,200,,,http://localhost:8080/api/upload,,
data_sent,1727377456,84874191.000000,,,,,,,,,default,,,,,,,
data_received,1727377456,121.000000,,,,,,,,,default,,,,,,,
iteration_duration,1727377456,3847.499866,,,,,,,,,default,,,,,,,
iterations,1727377456,1.000000,,,,,,,,,default,,,,,,,
http_reqs,1727377456,1.000000,,,,true,,POST,http://localhost:8080/api/upload,HTTP/1.1,default,,200,,,http://localhost:8080/api/upload,,
http_req_duration,1727377456,2949.008537,,,,true,,POST,http://localhost:8080/api/upload,HTTP/1.1,default,,200,,,http://localhost:8080/api/upload,,
http_req_blocked,1727377456,0.017390,,,,true,,POST,http://localhost:8080/api/upload,HTTP/1.1,default,,200,,,http://localhost:8080/api/upload,,
http_req_connecting,1727377456,0.000000,,,,true,,POST,http://localhost:8080/api/upload,HTTP/1.1,default,,200,,,http://localhost:8080/api/upload,,
http_req_tls_handshaking,1727377456,0.000000,,,,true,,POST,http://localhost:8080/api/upload,HTTP/1.1,default,,200,,,http://localhost:8080/api/upload,,
http_req_sending,1727377456,85.180453,,,,true,,POST,http://localhost:8080/api/upload,HTTP/1.1,default,,200,,,http://localhost:8080/api/upload,,
http_req_waiting,1727377456,2863.785204,,,,true,,POST,http://localhost:8080/api/upload,HTTP/1.1,default,,200,,,http://localhost:8080/api/upload,,
http_req_receiving,1727377456,0.042880,,,,true,,POST,http://localhost:8080/api/upload,HTTP/1.1,default,,200,,,http://localhost:8080/api/upload,,
http_req_failed,1727377456,0.000000,,,,true,,POST,http://localhost:8080/api/upload,HTTP/1.1,default,,200,,,http://localhost:8080/api/upload,,
http_reqs,1727377456,1.000000,,,,true,,POST,http://localhost:8080/api/upload,HTTP/1.1,default,,200,,,http://localhost:8080/api/upload,,
http_req_duration,1727377456,2906.154680,,,,true,,POST,http://localhost:8080/api/upload,HTTP/1.1,default,,200,,,http://localhost:8080/api/upload,,
http_req_blocked,1727377456,0.011440,,,,true,,POST,http://localhost:8080/api/upload,HTTP/1.1,default,,200,,,http://localhost:8080/api/upload,,
http_req_connecting,1727377456,0.000000,,,,true,,POST,http://localhost:8080/api/upload,HTTP/1.1,default,,200,,,http://localhost:8080/api/upload,,
http_req_tls_handshaking,1727377456,0.000000,,,,true,,POST,http://localhost:8080/api/upload,HTTP/1.1,default,,200,,,http://localhost:8080/api/upload,,
http_req_sending,1727377456,179.680636,,,,true,,POST,http://localhost:8080/api/upload,HTTP/1.1,default,,200,,,http://localhost:8080/api/upload,,
http_req_waiting,1727377456,2726.411494,,,,true,,POST,http://localhost:8080/api/upload,HTTP/1.1,default,,200,,,http://localhost:8080/api/upload,,
http_req_receiving,1727377456,0.062550,,,,true,,POST,http://localhost:8080/api/upload,HTTP/1.1,default,,200,,,http://localhost:8080/api/upload,,
http_req_failed,1727377456,0.000000,,,,true,,POST,http://localhost:8080/api/upload,HTTP/1.1,default,,200,,,http://localhost:8080/api/upload,,
data_sent,1727377456,84874191.000000,,,,,,,,,default,,,,,,,
data_received,1727377456,121.000000,,,,,,,,,default,,,,,,,
iteration_duration,1727377456,4153.681973,,,,,,,,,default,,,,,,,
iterations,1727377456,1.000000,,,,,,,,,default,,,,,,,
data_sent,1727377457,84874191.000000,,,,,,,,,default,,,,,,,
data_received,1727377457,121.000000,,,,,,,,,default,,,,,,,
iteration_duration,1727377457,4152.536074,,,,,,,,,default,,,,,,,
iterations,1727377457,1.000000,,,,,,,,,default,,,,,,,
data_sent,1727377457,84874191.000000,,,,,,,,,default,,,,,,,
data_received,1727377457,121.000000,,,,,,,,,default,,,,,,,
iteration_duration,1727377457,4208.194249,,,,,,,,,default,,,,,,,
iterations,1727377457,1.000000,,,,,,,,,default,,,,,,,
data_sent,1727377457,84874193.000000,,,,,,,,,default,,,,,,,
data_received,1727377457,121.000000,,,,,,,,,default,,,,,,,
iteration_duration,1727377457,4287.074874,,,,,,,,,default,,,,,,,
iterations,1727377457,1.000000,,,,,,,,,default,,,,,,,
data_sent,1727377457,84874191.000000,,,,,,,,,default,,,,,,,
data_received,1727377457,121.000000,,,,,,,,,default,,,,,,,
iteration_duration,1727377457,3485.890276,,,,,,,,,default,,,,,,,
iterations,1727377457,1.000000,,,,,,,,,default,,,,,,,
data_sent,1727377457,84874191.000000,,,,,,,,,default,,,,,,,
data_received,1727377457,121.000000,,,,,,,,,default,,,,,,,
iteration_duration,1727377457,3430.687671,,,,,,,,,default,,,,,,,
iterations,1727377457,1.000000,,,,,,,,,default,,,,,,,
vus,1727377457,10.000000,,,,,,,,,,,,,,,,
vus_max,1727377457,10.000000,,,,,,,,,,,,,,,,
http_reqs,1727377457,1.000000,,,,true,,POST,http://localhost:8080/api/upload,HTTP/1.1,default,,200,,,http://localhost:8080/api/upload,,
http_req_duration,1727377457,1872.973472,,,,true,,POST,http://localhost:8080/api/upload,HTTP/1.1,default,,200,,,http://localhost:8080/api/upload,,
http_req_blocked,1727377457,0.011570,,,,true,,POST,http://localhost:8080/api/upload,HTTP/1.1,default,,200,,,http://localhost:8080/api/upload,,
http_req_connecting,1727377457,0.000000,,,,true,,POST,http://localhost:8080/api/upload,HTTP/1.1,default,,200,,,http://localhost:8080/api/upload,,
http_req_tls_handshaking,1727377457,0.000000,,,,true,,POST,http://localhost:8080/api/upload,HTTP/1.1,default,,200,,,http://localhost:8080/api/upload,,
http_req_sending,1727377457,146.313440,,,,true,,POST,http://localhost:8080/api/upload,HTTP/1.1,default,,200,,,http://localhost:8080/api/upload,,
http_req_waiting,1727377457,1726.594122,,,,true,,POST,http://localhost:8080/api/upload,HTTP/1.1,default,,200,,,http://localhost:8080/api/upload,,
http_req_receiving,1727377457,0.065910,,,,true,,POST,http://localhost:8080/api/upload,HTTP/1.1,default,,200,,,http://localhost:8080/api/upload,,
http_req_failed,1727377457,0.000000,,,,true,,POST,http://localhost:8080/api/upload,HTTP/1.1,default,,200,,,http://localhost:8080/api/upload,,
http_reqs,1727377457,1.000000,,,,true,,POST,http://localhost:8080/api/upload,HTTP/1.1,default,,200,,,http://localhost:8080/api/upload,,
http_req_duration,1727377457,1970.266574,,,,true,,POST,http://localhost:8080/api/upload,HTTP/1.1,default,,200,,,http://localhost:8080/api/upload,,
http_req_blocked,1727377457,0.051610,,,,true,,POST,http://localhost:8080/api/upload,HTTP/1.1,default,,200,,,http://localhost:8080/api/upload,,
http_req_connecting,1727377457,0.000000,,,,true,,POST,http://localhost:8080/api/upload,HTTP/1.1,default,,200,,,http://localhost:8080/api/upload,,
http_req_tls_handshaking,1727377457,0.000000,,,,true,,POST,http://localhost:8080/api/upload,HTTP/1.1,default,,200,,,http://localhost:8080/api/upload,,
http_req_sending,1727377457,87.197423,,,,true,,POST,http://localhost:8080/api/upload,HTTP/1.1,default,,200,,,http://localhost:8080/api/upload,,
http_req_waiting,1727377457,1882.946971,,,,true,,POST,http://localhost:8080/api/upload,HTTP/1.1,default,,200,,,http://localhost:8080/api/upload,,
http_req_receiving,1727377457,0.122180,,,,true,,POST,http://localhost:8080/api/upload,HTTP/1.1,default,,200,,,http://localhost:8080/api/upload,,
http_req_failed,1727377457,0.000000,,,,true,,POST,http://localhost:8080/api/upload,HTTP/1.1,default,,200,,,http://localhost:8080/api/upload,,
http_reqs,1727377458,1.000000,,,,true,,POST,http://localhost:8080/api/upload,HTTP/1.1,default,,200,,,http://localhost:8080/api/upload,,
http_req_duration,1727377458,1735.652943,,,,true,,POST,http://localhost:8080/api/upload,HTTP/1.1,default,,200,,,http://localhost:8080/api/upload,,
http_req_blocked,1727377458,0.005460,,,,true,,POST,http://localhost:8080/api/upload,HTTP/1.1,default,,200,,,http://localhost:8080/api/upload,,
http_req_connecting,1727377458,0.000000,,,,true,,POST,http://localhost:8080/api/upload,HTTP/1.1,default,,200,,,http://localhost:8080/api/upload,,
http_req_tls_handshaking,1727377458,0.000000,,,,true,,POST,http://localhost:8080/api/upload,HTTP/1.1,default,,200,,,http://localhost:8080/api/upload,,
http_req_sending,1727377458,101.906732,,,,true,,POST,http://localhost:8080/api/upload,HTTP/1.1,default,,200,,,http://localhost:8080/api/upload,,
http_req_waiting,1727377458,1633.706901,,,,true,,POST,http://localhost:8080/api/upload,HTTP/1.1,default,,200,,,http://localhost:8080/api/upload,,
http_req_receiving,1727377458,0.039310,,,,true,,POST,http://localhost:8080/api/upload,HTTP/1.1,default,,200,,,http://localhost:8080/api/upload,,
http_req_failed,1727377458,0.000000,,,,true,,POST,http://localhost:8080/api/upload,HTTP/1.1,default,,200,,,http://localhost:8080/api/upload,,
data_sent,1727377458,84874191.000000,,,,,,,,,default,,,,,,,
data_received,1727377458,121.000000,,,,,,,,,default,,,,,,,
iteration_duration,1727377458,2393.861214,,,,,,,,,default,,,,,,,
iterations,1727377458,1.000000,,,,,,,,,default,,,,,,,
data_sent,1727377458,84874191.000000,,,,,,,,,default,,,,,,,
data_received,1727377458,121.000000,,,,,,,,,default,,,,,,,
iteration_duration,1727377458,2493.261155,,,,,,,,,default,,,,,,,
iterations,1727377458,1.000000,,,,,,,,,default,,,,,,,
vus,1727377458,10.000000,,,,,,,,,,,,,,,,
vus_max,1727377458,10.000000,,,,,,,,,,,,,,,,
data_sent,1727377458,84874191.000000,,,,,,,,,default,,,,,,,
data_received,1727377458,121.000000,,,,,,,,,default,,,,,,,
iteration_duration,1727377458,2251.242845,,,,,,,,,default,,,,,,,
iterations,1727377458,1.000000,,,,,,,,,default,,,,,,,
http_reqs,1727377458,1.000000,,,,true,,POST,http://localhost:8080/api/upload,HTTP/1.1,default,,200,,,http://localhost:8080/api/upload,,
http_req_duration,1727377458,2263.323835,,,,true,,POST,http://localhost:8080/api/upload,HTTP/1.1,default,,200,,,http://localhost:8080/api/upload,,
http_req_blocked,1727377458,0.004190,,,,true,,POST,http://localhost:8080/api/upload,HTTP/1.1,default,,200,,,http://localhost:8080/api/upload,,
http_req_connecting,1727377458,0.000000,,,,true,,POST,http://localhost:8080/api/upload,HTTP/1.1,default,,200,,,http://localhost:8080/api/upload,,
http_req_tls_handshaking,1727377458,0.000000,,,,true,,POST,http://localhost:8080/api/upload,HTTP/1.1,default,,200,,,http://localhost:8080/api/upload,,
http_req_sending,1727377458,110.916561,,,,true,,POST,http://localhost:8080/api/upload,HTTP/1.1,default,,200,,,http://localhost:8080/api/upload,,
http_req_waiting,1727377458,2152.238304,,,,true,,POST,http://localhost:8080/api/upload,HTTP/1.1,default,,200,,,http://localhost:8080/api/upload,,
http_req_receiving,1727377458,0.168970,,,,true,,POST,http://localhost:8080/api/upload,HTTP/1.1,default,,200,,,http://localhost:8080/api/upload,,
http_req_failed,1727377458,0.000000,,,,true,,POST,http://localhost:8080/api/upload,HTTP/1.1,default,,200,,,http://localhost:8080/api/upload,,
vus,1727377459,9.000000,,,,,,,,,,,,,,,,
vus_max,1727377459,10.000000,,,,,,,,,,,,,,,,
data_sent,1727377459,84874191.000000,,,,,,,,,default,,,,,,,
data_received,1727377459,121.000000,,,,,,,,,default,,,,,,,
iteration_duration,1727377459,2776.999608,,,,,,,,,default,,,,,,,
iterations,1727377459,1.000000,,,,,,,,,default,,,,,,,
http_reqs,1727377459,1.000000,,,,true,,POST,http://localhost:8080/api/upload,HTTP/1.1,default,,200,,,http://localhost:8080/api/upload,,
http_req_duration,1727377459,2635.539999,,,,true,,POST,http://localhost:8080/api/upload,HTTP/1.1,default,,200,,,http://localhost:8080/api/upload,,
http_req_blocked,1727377459,0.017100,,,,true,,POST,http://localhost:8080/api/upload,HTTP/1.1,default,,200,,,http://localhost:8080/api/upload,,
http_req_connecting,1727377459,0.000000,,,,true,,POST,http://localhost:8080/api/upload,HTTP/1.1,default,,200,,,http://localhost:8080/api/upload,,
http_req_tls_handshaking,1727377459,0.000000,,,,true,,POST,http://localhost:8080/api/upload,HTTP/1.1,default,,200,,,http://localhost:8080/api/upload,,
http_req_sending,1727377459,197.401445,,,,true,,POST,http://localhost:8080/api/upload,HTTP/1.1,default,,200,,,http://localhost:8080/api/upload,,
http_req_waiting,1727377459,2438.065134,,,,true,,POST,http://localhost:8080/api/upload,HTTP/1.1,default,,200,,,http://localhost:8080/api/upload,,
http_req_receiving,1727377459,0.073420,,,,true,,POST,http://localhost:8080/api/upload,HTTP/1.1,default,,200,,,http://localhost:8080/api/upload,,
http_req_failed,1727377459,0.000000,,,,true,,POST,http://localhost:8080/api/upload,HTTP/1.1,default,,200,,,http://localhost:8080/api/upload,,
http_reqs,1727377459,1.000000,,,,true,,POST,http://localhost:8080/api/upload,HTTP/1.1,default,,200,,,http://localhost:8080/api/upload,,
http_req_duration,1727377459,2824.061756,,,,true,,POST,http://localhost:8080/api/upload,HTTP/1.1,default,,200,,,http://localhost:8080/api/upload,,
http_req_blocked,1727377459,0.020220,,,,true,,POST,http://localhost:8080/api/upload,HTTP/1.1,default,,200,,,http://localhost:8080/api/upload,,
http_req_connecting,1727377459,0.000000,,,,true,,POST,http://localhost:8080/api/upload,HTTP/1.1,default,,200,,,http://localhost:8080/api/upload,,
http_req_tls_handshaking,1727377459,0.000000,,,,true,,POST,http://localhost:8080/api/upload,HTTP/1.1,default,,200,,,http://localhost:8080/api/upload,,
http_req_sending,1727377459,324.150817,,,,true,,POST,http://localhost:8080/api/upload,HTTP/1.1,default,,200,,,http://localhost:8080/api/upload,,
http_req_waiting,1727377459,2499.869279,,,,true,,POST,http://localhost:8080/api/upload,HTTP/1.1,default,,200,,,http://localhost:8080/api/upload,,
http_req_receiving,1727377459,0.041660,,,,true,,POST,http://localhost:8080/api/upload,HTTP/1.1,default,,200,,,http://localhost:8080/api/upload,,
http_req_failed,1727377459,0.000000,,,,true,,POST,http://localhost:8080/api/upload,HTTP/1.1,default,,200,,,http://localhost:8080/api/upload,,
http_reqs,1727377459,1.000000,,,,true,,POST,http://localhost:8080/api/upload,HTTP/1.1,default,,200,,,http://localhost:8080/api/upload,,
http_req_duration,1727377459,2870.558382,,,,true,,POST,http://localhost:8080/api/upload,HTTP/1.1,default,,200,,,http://localhost:8080/api/upload,,
http_req_blocked,1727377459,0.012600,,,,true,,POST,http://localhost:8080/api/upload,HTTP/1.1,default,,200,,,http://localhost:8080/api/upload,,
http_req_connecting,1727377459,0.000000,,,,true,,POST,http://localhost:8080/api/upload,HTTP/1.1,default,,200,,,http://localhost:8080/api/upload,,
http_req_tls_handshaking,1727377459,0.000000,,,,true,,POST,http://localhost:8080/api/upload,HTTP/1.1,default,,200,,,http://localhost:8080/api/upload,,
http_req_sending,1727377459,396.981491,,,,true,,POST,http://localhost:8080/api/upload,HTTP/1.1,default,,200,,,http://localhost:8080/api/upload,,
http_req_waiting,1727377459,2473.533151,,,,true,,POST,http://localhost:8080/api/upload,HTTP/1.1,default,,200,,,http://localhost:8080/api/upload,,
http_req_receiving,1727377459,0.043740,,,,true,,POST,http://localhost:8080/api/upload,HTTP/1.1,default,,200,,,http://localhost:8080/api/upload,,
http_req_failed,1727377459,0.000000,,,,true,,POST,http://localhost:8080/api/upload,HTTP/1.1,default,,200,,,http://localhost:8080/api/upload,,
http_reqs,1727377460,1.000000,,,,true,,POST,http://localhost:8080/api/upload,HTTP/1.1,default,,200,,,http://localhost:8080/api/upload,,
http_req_duration,1727377460,2752.260131,,,,true,,POST,http://localhost:8080/api/upload,HTTP/1.1,default,,200,,,http://localhost:8080/api/upload,,
http_req_blocked,1727377460,0.005380,,,,true,,POST,http://localhost:8080/api/upload,HTTP/1.1,default,,200,,,http://localhost:8080/api/upload,,
http_req_connecting,1727377460,0.000000,,,,true,,POST,http://localhost:8080/api/upload,HTTP/1.1,default,,200,,,http://localhost:8080/api/upload,,
http_req_tls_handshaking,1727377460,0.000000,,,,true,,POST,http://localhost:8080/api/upload,HTTP/1.1,default,,200,,,http://localhost:8080/api/upload,,
http_req_sending,1727377460,433.856748,,,,true,,POST,http://localhost:8080/api/upload,HTTP/1.1,default,,200,,,http://localhost:8080/api/upload,,
http_req_waiting,1727377460,2318.359883,,,,true,,POST,http://localhost:8080/api/upload,HTTP/1.1,default,,200,,,http://localhost:8080/api/upload,,
http_req_receiving,1727377460,0.043500,,,,true,,POST,http://localhost:8080/api/upload,HTTP/1.1,default,,200,,,http://localhost:8080/api/upload,,
http_req_failed,1727377460,0.000000,,,,true,,POST,http://localhost:8080/api/upload,HTTP/1.1,default,,200,,,http://localhost:8080/api/upload,,
http_reqs,1727377460,1.000000,,,,true,,POST,http://localhost:8080/api/upload,HTTP/1.1,default,,200,,,http://localhost:8080/api/upload,,
http_req_duration,1727377460,2929.475649,,,,true,,POST,http://localhost:8080/api/upload,HTTP/1.1,default,,200,,,http://localhost:8080/api/upload,,
http_req_blocked,1727377460,0.008750,,,,true,,POST,http://localhost:8080/api/upload,HTTP/1.1,default,,200,,,http://localhost:8080/api/upload,,
http_req_connecting,1727377460,0.000000,,,,true,,POST,http://localhost:8080/api/upload,HTTP/1.1,default,,200,,,http://localhost:8080/api/upload,,
http_req_tls_handshaking,1727377460,0.000000,,,,true,,POST,http://localhost:8080/api/upload,HTTP/1.1,default,,200,,,http://localhost:8080/api/upload,,
http_req_sending,1727377460,384.611572,,,,true,,POST,http://localhost:8080/api/upload,HTTP/1.1,default,,200,,,http://localhost:8080/api/upload,,
http_req_waiting,1727377460,2544.840737,,,,true,,POST,http://localhost:8080/api/upload,HTTP/1.1,default,,200,,,http://localhost:8080/api/upload,,
http_req_receiving,1727377460,0.023340,,,,true,,POST,http://localhost:8080/api/upload,HTTP/1.1,default,,200,,,http://localhost:8080/api/upload,,
http_req_failed,1727377460,0.000000,,,,true,,POST,http://localhost:8080/api/upload,HTTP/1.1,default,,200,,,http://localhost:8080/api/upload,,
http_reqs,1727377460,1.000000,,,,true,,POST,http://localhost:8080/api/upload,HTTP/1.1,default,,200,,,http://localhost:8080/api/upload,,
http_req_duration,1727377460,2819.187187,,,,true,,POST,http://localhost:8080/api/upload,HTTP/1.1,default,,200,,,http://localhost:8080/api/upload,,
http_req_blocked,1727377460,0.004680,,,,true,,POST,http://localhost:8080/api/upload,HTTP/1.1,default,,200,,,http://localhost:8080/api/upload,,
http_req_connecting,1727377460,0.000000,,,,true,,POST,http://localhost:8080/api/upload,HTTP/1.1,default,,200,,,http://localhost:8080/api/upload,,
http_req_tls_handshaking,1727377460,0.000000,,,,true,,POST,http://localhost:8080/api/upload,HTTP/1.1,default,,200,,,http://localhost:8080/api/upload,,
http_req_sending,1727377460,307.553818,,,,true,,POST,http://localhost:8080/api/upload,HTTP/1.1,default,,200,,,http://localhost:8080/api/upload,,
http_req_waiting,1727377460,2511.590169,,,,true,,POST,http://localhost:8080/api/upload,HTTP/1.1,default,,200,,,http://localhost:8080/api/upload,,
http_req_receiving,1727377460,0.043200,,,,true,,POST,http://localhost:8080/api/upload,HTTP/1.1,default,,200,,,http://localhost:8080/api/upload,,
http_req_failed,1727377460,0.000000,,,,true,,POST,http://localhost:8080/api/upload,HTTP/1.1,default,,200,,,http://localhost:8080/api/upload,,
data_sent,1727377460,84874191.000000,,,,,,,,,default,,,,,,,
data_received,1727377460,121.000000,,,,,,,,,default,,,,,,,
iteration_duration,1727377460,3182.539971,,,,,,,,,default,,,,,,,
iterations,1727377460,1.000000,,,,,,,,,default,,,,,,,
vus,1727377460,7.000000,,,,,,,,,,,,,,,,
vus_max,1727377460,10.000000,,,,,,,,,,,,,,,,
http_reqs,1727377460,1.000000,,,,true,,POST,http://localhost:8080/api/upload,HTTP/1.1,default,,200,,,http://localhost:8080/api/upload,,
http_req_duration,1727377460,2033.348405,,,,true,,POST,http://localhost:8080/api/upload,HTTP/1.1,default,,200,,,http://localhost:8080/api/upload,,
http_req_blocked,1727377460,0.005530,,,,true,,POST,http://localhost:8080/api/upload,HTTP/1.1,default,,200,,,http://localhost:8080/api/upload,,
http_req_connecting,1727377460,0.000000,,,,true,,POST,http://localhost:8080/api/upload,HTTP/1.1,default,,200,,,http://localhost:8080/api/upload,,
http_req_tls_handshaking,1727377460,0.000000,,,,true,,POST,http://localhost:8080/api/upload,HTTP/1.1,default,,200,,,http://localhost:8080/api/upload,,
http_req_sending,1727377460,156.585979,,,,true,,POST,http://localhost:8080/api/upload,HTTP/1.1,default,,200,,,http://localhost:8080/api/upload,,
http_req_waiting,1727377460,1876.711786,,,,true,,POST,http://localhost:8080/api/upload,HTTP/1.1,default,,200,,,http://localhost:8080/api/upload,,
http_req_receiving,1727377460,0.050640,,,,true,,POST,http://localhost:8080/api/upload,HTTP/1.1,default,,200,,,http://localhost:8080/api/upload,,
http_req_failed,1727377460,0.000000,,,,true,,POST,http://localhost:8080/api/upload,HTTP/1.1,default,,200,,,http://localhost:8080/api/upload,,
data_sent,1727377460,84874191.000000,,,,,,,,,default,,,,,,,
data_received,1727377460,121.000000,,,,,,,,,default,,,,,,,
iteration_duration,1727377460,3385.825966,,,,,,,,,default,,,,,,,
iterations,1727377460,1.000000,,,,,,,,,default,,,,,,,
http_reqs,1727377460,1.000000,,,,true,,POST,http://localhost:8080/api/upload,HTTP/1.1,default,,200,,,http://localhost:8080/api/upload,,
http_req_duration,1727377460,2078.602482,,,,true,,POST,http://localhost:8080/api/upload,HTTP/1.1,default,,200,,,http://localhost:8080/api/upload,,
http_req_blocked,1727377460,0.007450,,,,true,,POST,http://localhost:8080/api/upload,HTTP/1.1,default,,200,,,http://localhost:8080/api/upload,,
http_req_connecting,1727377460,0.000000,,,,true,,POST,http://localhost:8080/api/upload,HTTP/1.1,default,,200,,,http://localhost:8080/api/upload,,
http_req_tls_handshaking,1727377460,0.000000,,,,true,,POST,http://localhost:8080/api/upload,HTTP/1.1,default,,200,,,http://localhost:8080/api/upload,,
http_req_sending,1727377460,108.489972,,,,true,,POST,http://localhost:8080/api/upload,HTTP/1.1,default,,200,,,http://localhost:8080/api/upload,,
http_req_waiting,1727377460,1970.081300,,,,true,,POST,http://localhost:8080/api/upload,HTTP/1.1,default,,200,,,http://localhost:8080/api/upload,,
http_req_receiving,1727377460,0.031210,,,,true,,POST,http://localhost:8080/api/upload,HTTP/1.1,default,,200,,,http://localhost:8080/api/upload,,
http_req_failed,1727377460,0.000000,,,,true,,POST,http://localhost:8080/api/upload,HTTP/1.1,default,,200,,,http://localhost:8080/api/upload,,
data_sent,1727377460,84874191.000000,,,,,,,,,default,,,,,,,
data_received,1727377460,121.000000,,,,,,,,,default,,,,,,,
iteration_duration,1727377460,3413.656605,,,,,,,,,default,,,,,,,
iterations,1727377460,1.000000,,,,,,,,,default,,,,,,,
data_sent,1727377460,84874191.000000,,,,,,,,,default,,,,,,,
data_received,1727377460,121.000000,,,,,,,,,default,,,,,,,
iteration_duration,1727377460,3272.360965,,,,,,,,,default,,,,,,,
iterations,1727377460,1.000000,,,,,,,,,default,,,,,,,
data_sent,1727377460,84874193.000000,,,,,,,,,default,,,,,,,
data_received,1727377460,121.000000,,,,,,,,,default,,,,,,,
iteration_duration,1727377460,3448.382982,,,,,,,,,default,,,,,,,
iterations,1727377460,1.000000,,,,,,,,,default,,,,,,,
data_sent,1727377460,84874191.000000,,,,,,,,,default,,,,,,,
data_received,1727377460,121.000000,,,,,,,,,default,,,,,,,
iteration_duration,1727377460,3335.072311,,,,,,,,,default,,,,,,,
iterations,1727377460,1.000000,,,,,,,,,default,,,,,,,
data_sent,1727377460,84874191.000000,,,,,,,,,default,,,,,,,
data_received,1727377460,121.000000,,,,,,,,,default,,,,,,,
iteration_duration,1727377460,2551.816219,,,,,,,,,default,,,,,,,
iterations,1727377460,1.000000,,,,,,,,,default,,,,,,,
data_sent,1727377460,84874191.000000,,,,,,,,,default,,,,,,,
data_received,1727377460,121.000000,,,,,,,,,default,,,,,,,
iteration_duration,1727377460,2593.744555,,,,,,,,,default,,,,,,,
iterations,1727377460,1.000000,,,,,,,,,default,,,,,,,
